{
    "mean_loss": 0.5037531852722168,
    "mean_accuracy": 0.5037531852722168,
    "mean_auprc": 0.5037531852722168,
    "mean_auroc": 0.5037531852722168,
    "std_loss": 0.0625528022646904,
    "std_accuracy": 0.0625528022646904,
    "std_auprc": 0.0625528022646904,
    "std_auroc": 0.0625528022646904
}