epoch,train_loss,val_loss,val_roc_auc_score
1,0.623909221496433,0.5852932929992676,0.8284134212230253
2,0.5023408097913489,0.6269689798355103,0.8301276948062286
3,0.4348665389115922,0.6027754545211792,0.8322506342281524
