{
    "mean_loss": 0.48847121000289917,
    "mean_accuracy": 0.48847121000289917,
    "mean_auprc": 0.48847121000289917,
    "mean_auroc": 0.48847121000289917,
    "std_loss": 0.049037378281354904,
    "std_accuracy": 0.049037378281354904,
    "std_auprc": 0.049037378281354904,
    "std_auroc": 0.049037378281354904
}