epoch,train_loss,val_loss,val_roc_auc_score
1,0.610704842984207,0.6861622929573059,0.8174345196634494
2,0.4970590567260277,0.5838409066200256,0.8382754541333599
